[
    {   
        "id": "1",
        "hostname": "localhost",
        "port": 3001,
        "clientPort": 4001,
        "byzantineBehavior": "BAD_LEADER_PROPOSE"
    },
    {
        "id": "2",
        "hostname": "localhost",
        "port": 3002,
        "clientPort": 4002,
        "byzantineBehavior": "NONE"
    },
    {
        "id": "3",
        "hostname": "localhost",
        "port": 3003,
        "clientPort": 4003,
        "byzantineBehavior": "NONE"
    },
    {
        "id": "4",
        "hostname": "localhost",
        "port": 3004,
        "clientPort": 4004,
        "byzantineBehavior": "NONE"
    }
]