[
    {   
        "id": "1",
        "hostname": "localhost",
        "port": 3001,
        "clientPort": 4001,
        "byzantineBehavior": "IGNORE_REQUESTS"
    },
    {
        "id": "2",
        "hostname": "localhost",
        "port": 3002,
        "clientPort": 4002,
        "byzantineBehavior": "BYZANTINE_UPON_ROUND_CHANGE_QUORUM"
    },
    {
        "id": "3",
        "hostname": "localhost",
        "port": 3003,
        "clientPort": 4003,
        "byzantineBehavior": "NONE"
    },
    {
        "id": "4",
        "hostname": "localhost",
        "port": 3004,
        "clientPort": 4004,
        "byzantineBehavior": "NONE"
    },
    {
        "id": "5",
        "hostname": "localhost",
        "port": 3005,
        "clientPort": 4005,
        "byzantineBehavior": "NONE"
    },
    {
        "id": "6",
        "hostname": "localhost",
        "port": 3006,
        "clientPort": 4006,
        "byzantineBehavior": "NONE"
    }
]